,url,category
0,/ratemodel.aspx?modelid=1099482,c-pclaptop
1,/ratemodel.aspx?modelid=1143597,c-pclaptop
2,/ratemodel.aspx?modelid=1097913,c-pclaptop
3,/ratemodel.aspx?modelid=1106790,c-pclaptop
4,/ratemodel.aspx?modelid=1138577,c-pclaptop
5,/ratemodel.aspx?modelid=1128117,c-pclaptop
6,/ratemodel.aspx?modelid=1131434,c-pclaptop
7,/ratemodel.aspx?modelid=1099546,c-pclaptop
8,/ratemodel.aspx?modelid=1142406,c-pclaptop
9,/ratemodel.aspx?modelid=1066287,c-pclaptop
10,/ratemodel.aspx?modelid=1129516,c-pclaptop
11,/ratemodel.aspx?modelid=1101608,c-pclaptop
12,/ratemodel.aspx?modelid=1127097,c-pclaptop
13,/ratemodel.aspx?modelid=1125639,c-pclaptop
14,/ratemodel.aspx?modelid=1103760,c-pclaptop
15,/ratemodel.aspx?modelid=1108506,c-pclaptop
16,/ratemodel.aspx?modelid=1114236,c-pclaptop
17,/ratemodel.aspx?modelid=1112896,c-pclaptop
18,/ratemodel.aspx?modelid=1126048,c-pclaptop
19,/ratemodel.aspx?modelid=1140608,c-pclaptop
20,/ratemodel.aspx?modelid=1129796,c-pclaptop
21,/ratemodel.aspx?modelid=1109058,c-pclaptop
22,/ratemodel.aspx?modelid=1102712,c-pclaptop
23,/ratemodel.aspx?modelid=1112760,c-pclaptop
24,/ratemodel.aspx?modelid=1130720,c-pclaptop
25,/ratemodel.aspx?modelid=1132497,c-pclaptop
26,/ratemodel.aspx?modelid=1020087,e-headphone
27,/ratemodel.aspx?modelid=1045012,e-headphone
28,/ratemodel.aspx?modelid=1127466,e-headphone
29,/ratemodel.aspx?modelid=1102290,e-headphone
30,/ratemodel.aspx?modelid=1122632,e-headphone
31,/ratemodel.aspx?modelid=1085019,e-headphone
32,/ratemodel.aspx?modelid=1118517,e-headphone
33,/ratemodel.aspx?modelid=1096200,e-headphone
34,/ratemodel.aspx?modelid=1113020,e-headphone
35,/ratemodel.aspx?modelid=1082472,e-headphone
36,/ratemodel.aspx?modelid=926438,e-headphone
37,/ratemodel.aspx?modelid=1063219,e-headphone
38,/ratemodel.aspx?modelid=1095642,e-headphone
39,/ratemodel.aspx?modelid=1096199,e-headphone
40,/ratemodel.aspx?modelid=1047869,e-headphone
41,/ratemodel.aspx?modelid=1120272,e-headphone
42,/ratemodel.aspx?modelid=1058581,e-headphone
43,/ratemodel.aspx?modelid=997682,e-headphone
44,/ratemodel.aspx?modelid=1097174,e-headphone
45,/ratemodel.aspx?modelid=1137150,e-headphone
46,/ratemodel.aspx?modelid=1070588,e-headphone
47,/ratemodel.aspx?modelid=1035736,e-headphone
48,/ratemodel.aspx?modelid=1091250,e-headphone
49,/ratemodel.aspx?modelid=1001229,e-headphone
50,/ratemodel.aspx?modelid=974469,e-headphone
51,/ratemodel.aspx?modelid=1126174,e-headphone
52,/ratemodel.aspx?modelid=1124285,e-headphone
53,/ratemodel.aspx?modelid=944796,e-headphone
54,/ratemodel.aspx?modelid=1084350,e-headphone
55,/ratemodel.aspx?modelid=1119792,e-headphone
56,/ratemodel.aspx?modelid=1010431,e-headphone
57,/ratemodel.aspx?modelid=1136581,e-headphone
58,/ratemodel.aspx?modelid=1040692,e-headphone
59,/ratemodel.aspx?modelid=1090131,e-headphone
60,/ratemodel.aspx?modelid=1050587,e-headphone
61,/ratemodel.aspx?modelid=677258,e-headphone
62,/ratemodel.aspx?modelid=774594,e-headphone
63,/ratemodel.aspx?modelid=1059907,e-headphone
64,/ratemodel.aspx?modelid=1009639,e-headphone
65,/ratemodel.aspx?modelid=883392,e-headphone
66,/ratemodel.aspx?modelid=1085477,e-headphone
67,/ratemodel.aspx?modelid=1050593,e-headphone
68,/ratemodel.aspx?modelid=994234,e-headphone
69,/ratemodel.aspx?modelid=1064253,e-headphone
70,/ratemodel.aspx?modelid=1080150,e-headphone
71,/ratemodel.aspx?modelid=887197,e-headphone
72,/ratemodel.aspx?modelid=1127674,e-headphone
73,/ratemodel.aspx?modelid=937935,e-headphone
74,/ratemodel.aspx?modelid=932331,e-headphone
75,/ratemodel.aspx?modelid=1091513,e-headphone
76,/ratemodel.aspx?modelid=1084356,e-headphone
77,/ratemodel.aspx?modelid=1104629,e-headphone
78,/ratemodel.aspx?modelid=944795,e-headphone
79,/ratemodel.aspx?modelid=974516,e-headphone
80,/ratemodel.aspx?modelid=931581,e-headphone
81,/ratemodel.aspx?modelid=1040053,e-headphone
82,/ratemodel.aspx?modelid=988545,e-headphone
83,/ratemodel.aspx?modelid=1024732,e-headphone
84,/ratemodel.aspx?modelid=1098707,e-headphone
85,/ratemodel.aspx?modelid=1029099,e-headphone
86,/ratemodel.aspx?modelid=1051213,e-headphone
87,/ratemodel.aspx?modelid=957156,e-headphone
88,/ratemodel.aspx?modelid=1041822,e-headphone
89,/ratemodel.aspx?modelid=1052980,e-headphone
90,/ratemodel.aspx?modelid=1020196,e-headphone
91,/ratemodel.aspx?modelid=1134471,e-headphone
92,/ratemodel.aspx?modelid=1092442,e-headphone
93,/ratemodel.aspx?modelid=991631,e-headphone
94,/ratemodel.aspx?modelid=1139903,e-headphone
95,/ratemodel.aspx?modelid=1117046,e-headphone
96,/ratemodel.aspx?modelid=1059902,e-headphone
97,/ratemodel.aspx?modelid=1044736,e-headphone
98,/ratemodel.aspx?modelid=1131438,e-headphone
99,/ratemodel.aspx?modelid=1010216,e-headphone
100,/ratemodel.aspx?modelid=1143901,e-headphone
101,/ratemodel.aspx?modelid=1024167,e-headphone
102,/ratemodel.aspx?modelid=1070425,e-headphone
103,/ratemodel.aspx?modelid=1093239,e-headphone
104,/ratemodel.aspx?modelid=1081926,e-headphone
105,/ratemodel.aspx?modelid=1013459,e-headphone
106,/ratemodel.aspx?modelid=1114116,e-headphone
107,/ratemodel.aspx?modelid=1092755,e-headphone
108,/ratemodel.aspx?modelid=877128,e-headphone
109,/ratemodel.aspx?modelid=716785,e-headphone
110,/ratemodel.aspx?modelid=1097057,e-headphone
111,/ratemodel.aspx?modelid=798961,e-headphone
112,/ratemodel.aspx?modelid=1039355,e-headphone
113,/ratemodel.aspx?modelid=974776,e-headphone
114,/ratemodel.aspx?modelid=1013931,e-headphone
115,/ratemodel.aspx?modelid=1093697,e-headphone
116,/ratemodel.aspx?modelid=990433,e-headphone
117,/ratemodel.aspx?modelid=1047377,e-headphone
118,/ratemodel.aspx?modelid=1126305,e-headphone
119,/ratemodel.aspx?modelid=900927,e-headphone
120,/ratemodel.aspx?modelid=1050614,e-headphone
121,/ratemodel.aspx?modelid=1070424,e-headphone
122,/ratemodel.aspx?modelid=1036809,e-headphone
123,/ratemodel.aspx?modelid=1126305,e-headphone
124,/ratemodel.aspx?modelid=1128749,e-headphone
125,/ratemodel.aspx?modelid=342943,e-headphone
126,/ratemodel.aspx?modelid=1050614,e-headphone
127,/ratemodel.aspx?modelid=1101693,e-headphone
128,/ratemodel.aspx?modelid=1066874,e-headphone
129,/ratemodel.aspx?modelid=896997,e-headphone
130,/ratemodel.aspx?modelid=791072,e-headphone
131,/ratemodel.aspx?modelid=1036065,e-headphone
132,/ratemodel.aspx?modelid=954598,e-headphone
133,/ratemodel.aspx?modelid=1069285,e-headphone
134,/ratemodel.aspx?modelid=1029097,e-headphone
135,/ratemodel.aspx?modelid=1059908,e-headphone
136,/ratemodel.aspx?modelid=369666,e-headphone
137,/ratemodel.aspx?modelid=1120186,e-headphone
138,/ratemodel.aspx?modelid=879886,e-headphone
139,/ratemodel.aspx?modelid=935377,e-headphone
140,/ratemodel.aspx?modelid=942035,e-headphone
141,/ratemodel.aspx?modelid=1030337,e-headphone
142,/ratemodel.aspx?modelid=1053278,e-headphone
143,/ratemodel.aspx?modelid=1065156,e-headphone
144,/ratemodel.aspx?modelid=938859,e-headphone
145,/ratemodel.aspx?modelid=1085348,e-headphone
146,/ratemodel.aspx?modelid=926436,e-headphone
147,/ratemodel.aspx?modelid=964241,e-headphone
148,/ratemodel.aspx?modelid=935692,e-headphone
149,/ratemodel.aspx?modelid=304707,e-headphone
150,/ratemodel.aspx?modelid=979415,e-headphone
151,/ratemodel.aspx?modelid=1153329,e-headphone
152,/ratemodel.aspx?modelid=1030168,e-headphone
153,/ratemodel.aspx?modelid=880508,e-headphone
154,/ratemodel.aspx?modelid=933066,e-headphone
155,/ratemodel.aspx?modelid=1075244,e-headphone
156,/ratemodel.aspx?modelid=1089796,e-headphone
157,/ratemodel.aspx?modelid=1018706,e-headphone
158,/ratemodel.aspx?modelid=1013928,e-headphone
159,/ratemodel.aspx?modelid=900913,e-headphone
160,/ratemodel.aspx?modelid=893750,e-headphone
161,/ratemodel.aspx?modelid=933067,e-headphone
162,/ratemodel.aspx?modelid=924576,e-headphone
163,/ratemodel.aspx?modelid=1094538,e-headphone
164,/ratemodel.aspx?modelid=1142728,e-cellphone
165,/ratemodel.aspx?modelid=1124638,e-cellphone
166,/ratemodel.aspx?modelid=1149678,e-cellphone
167,/ratemodel.aspx?modelid=1040282,e-cellphone
168,/ratemodel.aspx?modelid=1124722,e-cellphone
169,/ratemodel.aspx?modelid=1142731,e-cellphone
170,/ratemodel.aspx?modelid=1140819,e-cellphone
171,/ratemodel.aspx?modelid=1124719,e-cellphone
172,/ratemodel.aspx?modelid=1142730,e-cellphone
173,/ratemodel.aspx?modelid=1109710,e-cellphone
174,/ratemodel.aspx?modelid=1091548,e-cellphone
175,/ratemodel.aspx?modelid=1146138,e-cellphone
176,/ratemodel.aspx?modelid=1078896,e-cellphone
177,/ratemodel.aspx?modelid=1146137,e-cellphone
178,/ratemodel.aspx?modelid=1137460,e-cellphone
179,/ratemodel.aspx?modelid=1124640,e-cellphone
180,/ratemodel.aspx?modelid=1124639,e-cellphone
181,/ratemodel.aspx?modelid=1124717,e-cellphone
182,/ratemodel.aspx?modelid=1102012,e-cellphone
183,/ratemodel.aspx?modelid=1148409,e-cellphone
184,/ratemodel.aspx?modelid=1145966,e-cellphone
185,/ratemodel.aspx?modelid=1089907,e-cellphone
186,/ratemodel.aspx?modelid=1124725,e-cellphone
187,/ratemodel.aspx?modelid=1142727,e-cellphone
188,/ratemodel.aspx?modelid=1128120,e-cellphone
189,/ratemodel.aspx?modelid=1126604,e-cellphone
190,/ratemodel.aspx?modelid=1124271,e-cellphone
191,/ratemodel.aspx?modelid=1090450,e-cellphone
192,/ratemodel.aspx?modelid=1149075,e-cellphone
193,/ratemodel.aspx?modelid=1110251,e-cellphone
194,/ratemodel.aspx?modelid=1040284,e-cellphone
195,/ratemodel.aspx?modelid=1089908,e-cellphone
196,/ratemodel.aspx?modelid=1101218,e-cellphone
197,/ratemodel.aspx?modelid=1143107,e-cellphone
198,/ratemodel.aspx?modelid=1078525,e-cellphone
199,/ratemodel.aspx?modelid=1101217,e-cellphone
200,/ratemodel.aspx?modelid=1148411,e-cellphone
201,/ratemodel.aspx?modelid=1036203,e-cellphone
202,/ratemodel.aspx?modelid=1089905,e-cellphone
203,/ratemodel.aspx?modelid=1109711,e-cellphone
204,/ratemodel.aspx?modelid=989444,e-cellphone
205,/ratemodel.aspx?modelid=1142199,e-cellphone
206,/ratemodel.aspx?modelid=1016695,e-cellphone
207,/ratemodel.aspx?modelid=1142269,e-cellphone
208,/ratemodel.aspx?modelid=996558,e-cellphone
209,/ratemodel.aspx?modelid=1129077,e-cellphone
210,/ratemodel.aspx?modelid=1129465,e-cellphone
211,/ratemodel.aspx?modelid=1121513,e-cellphone
212,/ratemodel.aspx?modelid=1123663,e-cellphone
213,/ratemodel.aspx?modelid=1122016,e-cellphone
214,/ratemodel.aspx?modelid=1036204,e-cellphone
215,/ratemodel.aspx?modelid=1089904,e-cellphone
216,/ratemodel.aspx?modelid=1122015,e-cellphone
217,/ratemodel.aspx?modelid=1016696,e-cellphone
218,/ratemodel.aspx?modelid=1110839,e-cellphone
219,/ratemodel.aspx?modelid=942956,e-cellphone
220,/ratemodel.aspx?modelid=1082086,e-cellphone
221,/ratemodel.aspx?modelid=1089902,e-cellphone
222,/ratemodel.aspx?modelid=1059737,e-cellphone
223,/ratemodel.aspx?modelid=1121512,e-cellphone
224,/ratemodel.aspx?modelid=1126716,e-cellphone
225,/ratemodel.aspx?modelid=1147660,e-cellphone
226,/ratemodel.aspx?modelid=1090435,e-cellphone
227,/ratemodel.aspx?modelid=1111480,e-cellphone
228,/ratemodel.aspx?modelid=1009389,e-cellphone
229,/ratemodel.aspx?modelid=1123659,e-cellphone
230,/ratemodel.aspx?modelid=1112557,e-cellphone
231,/ratemodel.aspx?modelid=1145965,e-cellphone
232,/ratemodel.aspx?modelid=1124723,e-cellphone
233,/ratemodel.aspx?modelid=1040287,e-cellphone
234,/ratemodel.aspx?modelid=1116207,e-cellphone
235,/ratemodel.aspx?modelid=1065398,e-cellphone
236,/ratemodel.aspx?modelid=1091730,e-cellphone
237,/ratemodel.aspx?modelid=1117932,e-cellphone
238,/ratemodel.aspx?modelid=1089899,e-cellphone
239,/ratemodel.aspx?modelid=1089901,e-cellphone
240,/ratemodel.aspx?modelid=1091458,e-cellphone
241,/ratemodel.aspx?modelid=1082087,e-cellphone
242,/ratemodel.aspx?modelid=996556,e-cellphone
243,/ratemodel.aspx?modelid=1128430,e-cellphone
244,/ratemodel.aspx?modelid=996554,e-cellphone
245,/ratemodel.aspx?modelid=1065397,e-cellphone
246,/ratemodel.aspx?modelid=1108558,e-cellphone
247,/ratemodel.aspx?modelid=1023942,e-cellphone
248,/ratemodel.aspx?modelid=1060349,e-cellphone
249,/ratemodel.aspx?modelid=1109757,e-cellphone
250,/ratemodel.aspx?modelid=1124724,e-cellphone
251,/ratemodel.aspx?modelid=953058,e-cellphone
252,/ratemodel.aspx?modelid=1122430,e-cellphone
253,/ratemodel.aspx?modelid=1093929,e-cellphone
254,/ratemodel.aspx?modelid=1040286,e-cellphone
255,/ratemodel.aspx?modelid=981012,e-cellphone
256,/ratemodel.aspx?modelid=1117931,e-cellphone
257,/ratemodel.aspx?modelid=1125309,e-cellphone
258,/ratemodel.aspx?modelid=1124522,e-cellphone
259,/ratemodel.aspx?modelid=1122019,e-cellphone
260,/ratemodel.aspx?modelid=1109128,e-cellphone
261,/ratemodel.aspx?modelid=1093191,e-cellphone
262,/ratemodel.aspx?modelid=1123483,e-cellphone
263,/ratemodel.aspx?modelid=939915,e-cellphone
264,/ratemodel.aspx?modelid=1130014,e-cellphone
265,/ratemodel.aspx?modelid=1126715,e-cellphone
266,/ratemodel.aspx?modelid=976130,e-cellphone
267,/ratemodel.aspx?modelid=1099549,e-cellphone
268,/ratemodel.aspx?modelid=1057317,e-cellphone
269,/ratemodel.aspx?modelid=1090867,e-cellphone
270,/ratemodel.aspx?modelid=1099369,e-cellphone
271,/ratemodel.aspx?modelid=1067555,e-cellphone
272,/ratemodel.aspx?modelid=1123343,e-cellphone
273,/ratemodel.aspx?modelid=1100898,e-cellphone
274,/ratemodel.aspx?modelid=1057319,e-cellphone
275,/ratemodel.aspx?modelid=1112287,e-cellphone
276,/ratemodel.aspx?modelid=1110042,e-cellphone
277,/ratemodel.aspx?modelid=1117422,e-cellphone
278,/clientcard.aspx?siteid=5389,e-cellphone
279,/ratemodel.aspx?modelid=789836,e-cellphone
280,/ratemodel.aspx?modelid=1057318,e-cellphone
281,/ratemodel.aspx?modelid=1120867,e-cellphone
282,/ratemodel.aspx?modelid=1125073,e-cellphone
283,/ratemodel.aspx?modelid=1068244,e-cellphone
284,/ratemodel.aspx?modelid=953265,e-cellphone
285,/ratemodel.aspx?modelid=1117421,e-cellphone
286,/ratemodel.aspx?modelid=1040283,e-cellphone
287,/ratemodel.aspx?modelid=1139672,e-cellphone
288,/ratemodel.aspx?modelid=1126725,e-cellphone
289,/ratemodel.aspx?modelid=1089906,e-cellphone
290,/ratemodel.aspx?modelid=996552,e-cellphone
291,/ratemodel.aspx?modelid=1095827,e-cellphone
292,/ratemodel.aspx?modelid=1113836,e-cellphone
293,/ratemodel.aspx?modelid=943741,e-cellphone
294,/ratemodel.aspx?modelid=956389,e-cellphone
295,/ratemodel.aspx?modelid=943739,e-cellphone
296,/ratemodel.aspx?modelid=1115282,e-cellphone
297,/ratemodel.aspx?modelid=1123298,e-cellphone
298,/ratemodel.aspx?modelid=1098344,e-cellphone
299,/ratemodel.aspx?modelid=1089909,e-cellphone
300,/ratemodel.aspx?modelid=930601,e-cellphone
301,/ratemodel.aspx?modelid=1112782,e-cellphone
302,/ratemodel.aspx?modelid=1046120,e-cellphone
303,/ratemodel.aspx?modelid=1056999,e-cellphone
304,/ratemodel.aspx?modelid=1117087,e-cellphone
305,/ratemodel.aspx?modelid=1017443,e-cellphone
306,/ratemodel.aspx?modelid=1113264,e-cellphone
307,/ratemodel.aspx?modelid=1020650,e-cellphone
308,/ratemodel.aspx?modelid=1101216,e-cellphone
309,/ratemodel.aspx?modelid=1090100,e-cellphone
310,/ratemodel.aspx?modelid=1063477,e-cellphone
311,/clientcard.aspx?siteid=3175,e-cellphone
312,/ratemodel.aspx?modelid=1055936,e-cellphone
313,/clientcard.aspx?siteid=8107,e-cellphone
314,/ratemodel.aspx?modelid=1111698,e-cellphone
315,/clientcard.aspx?siteid=3744,e-cellphone
316,/ratemodel.aspx?modelid=1146518,e-cellphone
317,/ratemodel.aspx?modelid=1067911,e-cellphone
318,/ratemodel.aspx?modelid=954825,e-cellphone
319,/ratemodel.aspx?modelid=1117134,e-cellphone
320,/ratemodel.aspx?modelid=1145172,e-cellphone
321,/ratemodel.aspx?modelid=867366,e-cellphone
322,/ratemodel.aspx?modelid=995990,e-cellphone
323,/ratemodel.aspx?modelid=1109127,e-cellphone
324,/ratemodel.aspx?modelid=1118282,e-cellphone
325,/ratemodel.aspx?modelid=996261,e-cellphone
326,/ratemodel.aspx?modelid=1114687,e-shavingmachine
327,/ratemodel.aspx?modelid=1114691,e-shavingmachine
328,/ratemodel.aspx?modelid=1085649,e-shavingmachine
329,/ratemodel.aspx?modelid=886949,e-shavingmachine
330,/ratemodel.aspx?modelid=974294,e-shavingmachine
331,/ratemodel.aspx?modelid=1021061,e-shavingmachine
332,/ratemodel.aspx?modelid=1066487,e-shavingmachine
333,/ratemodel.aspx?modelid=1001187,e-shavingmachine
334,/ratemodel.aspx?modelid=1094807,e-shavingmachine
335,/ratemodel.aspx?modelid=1114690,e-shavingmachine
336,/ratemodel.aspx?modelid=848304,e-shavingmachine
337,/ratemodel.aspx?modelid=1097972,e-shavingmachine
338,/ratemodel.aspx?modelid=1113838,e-shavingmachine
339,/ratemodel.aspx?modelid=949211,e-shavingmachine
340,/ratemodel.aspx?modelid=1023015,e-shavingmachine
341,/ratemodel.aspx?modelid=974297,e-shavingmachine
342,/ratemodel.aspx?modelid=1097969,e-shavingmachine
343,/ratemodel.aspx?modelid=1056576,e-shavingmachine
344,/ratemodel.aspx?modelid=1057100,e-shavingmachine
345,/ratemodel.aspx?modelid=982390,e-shavingmachine
346,/ratemodel.aspx?modelid=894176,e-shavingmachine
347,/ratemodel.aspx?modelid=915355,e-shavingmachine
348,/ratemodel.aspx?modelid=935763,e-shavingmachine
349,/ratemodel.aspx?modelid=988443,e-shavingmachine
350,/ratemodel.aspx?modelid=937229,e-shavingmachine
351,/ratemodel.aspx?modelid=909894,e-shavingmachine
352,/ratemodel.aspx?modelid=997515,e-shavingmachine
353,/ratemodel.aspx?modelid=1121701,e-shavingmachine
354,/ratemodel.aspx?modelid=997512,e-shavingmachine
355,/ratemodel.aspx?modelid=933064,e-shavingmachine
356,/ratemodel.aspx?modelid=820896,e-shavingmachine
357,/ratemodel.aspx?modelid=1045813,e-shavingmachine
358,/ratemodel.aspx?modelid=1093538,e-shavingmachine
359,/ratemodel.aspx?modelid=938734,e-shavingmachine
360,/ratemodel.aspx?modelid=1093977,e-shavingmachine
361,/ratemodel.aspx?modelid=965498,e-shavingmachine
362,/ratemodel.aspx?modelid=870228,e-shavingmachine
363,/ratemodel.aspx?modelid=1107683,e-shavingmachine
364,/ratemodel.aspx?modelid=1047960,e-shavingmachine
365,/ratemodel.aspx?modelid=907623,e-shavingmachine
366,/ratemodel.aspx?modelid=997514,e-shavingmachine
367,/ratemodel.aspx?modelid=831032,e-shavingmachine
368,/ratemodel.aspx?modelid=984076,e-shavingmachine
369,/ratemodel.aspx?modelid=922891,e-shavingmachine
370,/ratemodel.aspx?modelid=922888,e-shavingmachine
371,/ratemodel.aspx?modelid=937234,e-shavingmachine
372,/ratemodel.aspx?modelid=915356,e-shavingmachine
373,/ratemodel.aspx?modelid=1061247,e-shavingmachine
374,/ratemodel.aspx?modelid=1094806,e-shavingmachine
375,/ratemodel.aspx?modelid=940690,e-shavingmachine
376,/ratemodel.aspx?modelid=1053003,e-shavingmachine
377,/ratemodel.aspx?modelid=942513,e-shavingmachine
378,/ratemodel.aspx?modelid=949216,e-shavingmachine
379,/ratemodel.aspx?modelid=1001189,e-shavingmachine
380,/ratemodel.aspx?modelid=1095397,e-shavingmachine
381,/ratemodel.aspx?modelid=1050210,e-shavingmachine
382,/ratemodel.aspx?modelid=937233,e-shavingmachine
383,/ratemodel.aspx?modelid=1047961,e-shavingmachine
384,/ratemodel.aspx?modelid=854361,e-shavingmachine
385,/ratemodel.aspx?modelid=1050211,e-shavingmachine
386,/ratemodel.aspx?modelid=824679,e-shavingmachine
387,/ratemodel.aspx?modelid=926418,e-shavingmachine
388,/ratemodel.aspx?modelid=949213,e-shavingmachine
389,/ratemodel.aspx?modelid=830105,e-shavingmachine
390,/clientcard.aspx?siteid=6381,e-shavingmachine
391,/ratemodel.aspx?modelid=927143,e-shavingmachine
392,/ratemodel.aspx?modelid=765046,e-shavingmachine
393,/clientcard.aspx?siteid=4870,e-shavingmachine
394,/ratemodel.aspx?modelid=889578,e-shavingmachine
395,/ratemodel.aspx?modelid=1008491,e-shavingmachine
396,/clientcard.aspx?siteid=6381,e-shavingmachine
397,/ratemodel.aspx?modelid=841672,e-shavingmachine
398,/clientcard.aspx?siteid=4870,e-shavingmachine
399,/ratemodel.aspx?modelid=1066489,e-shavingmachine
400,/clientcard.aspx?siteid=839,e-shavingmachine
401,/ratemodel.aspx?modelid=978656,e-shavingmachine
402,/clientcard.aspx?siteid=10934,e-shavingmachine
403,/ratemodel.aspx?modelid=822642,e-shavingmachine
404,/clientcard.aspx?siteid=4870,e-shavingmachine
405,/ratemodel.aspx?modelid=930176,e-shavingmachine
406,/clientcard.aspx?siteid=4870,e-shavingmachine
407,/ratemodel.aspx?modelid=912295,e-shavingmachine
408,/clientcard.aspx?siteid=2789,e-shavingmachine
409,/clientcard.aspx?siteid=6381,e-shavingmachine
410,/clientcard.aspx?siteid=4634,e-shavingmachine
411,/ratemodel.aspx?modelid=825198,e-shavingmachine
412,/clientcard.aspx?siteid=4870,e-shavingmachine
413,/ratemodel.aspx?modelid=821693,e-shavingmachine
414,/clientcard.aspx?siteid=6497,e-shavingmachine
415,/clientcard.aspx?siteid=4870,e-shavingmachine
416,/ratemodel.aspx?modelid=894789,e-shavingmachine
417,/clientcard.aspx?siteid=2789,e-shavingmachine
418,/clientcard.aspx?siteid=10277,e-shavingmachine
419,/clientcard.aspx?siteid=6669,e-shavingmachine
420,/clientcard.aspx?siteid=4749,e-shavingmachine
421,/clientcard.aspx?siteid=2436,e-shavingmachine
422,/clientcard.aspx?siteid=1544,e-shavingmachine
423,/clientcard.aspx?siteid=4634,e-shavingmachine
424,/clientcard.aspx?siteid=8985,e-shavingmachine
425,/clientcard.aspx?siteid=10934,e-shavingmachine
426,/clientcard.aspx?siteid=537,e-shavingmachine
427,/ratemodel.aspx?modelid=843988,e-shavingmachine
428,/clientcard.aspx?siteid=4870,e-shavingmachine
429,/clientcard.aspx?siteid=9100,e-shavingmachine
430,/clientcard.aspx?siteid=6381,e-shavingmachine
431,/clientcard.aspx?siteid=8985,e-shavingmachine
432,/ratemodel.aspx?modelid=745073,e-shavingmachine
433,/clientcard.aspx?siteid=4870,e-shavingmachine
434,/clientcard.aspx?siteid=3818,e-shavingmachine
435,/clientcard.aspx?siteid=11371,e-shavingmachine
436,/clientcard.aspx?siteid=4634,e-shavingmachine
437,/clientcard.aspx?siteid=1369,e-shavingmachine
438,/clientcard.aspx?siteid=4870,e-shavingmachine
439,/clientcard.aspx?siteid=4634,e-shavingmachine
440,/clientcard.aspx?siteid=1208,e-shavingmachine
441,/clientcard.aspx?siteid=10271,e-shavingmachine
442,/ratemodel.aspx?modelid=820885,e-shavingmachine
443,/clientcard.aspx?siteid=2974,e-shavingmachine
444,/clientcard.aspx?siteid=954,e-shavingmachine
445,/clientcard.aspx?siteid=8985,e-shavingmachine
446,/ratemodel.aspx?modelid=765050,e-shavingmachine
447,/clientcard.aspx?siteid=4870,e-shavingmachine
448,/ratemodel.aspx?modelid=782536,e-shavingmachine
449,/clientcard.aspx?siteid=4870,e-shavingmachine
450,/ratemodel.aspx?modelid=942512,e-shavingmachine
451,/clientcard.aspx?siteid=4417,e-shavingmachine
452,/clientcard.aspx?siteid=4634,e-shavingmachine
453,/clientcard.aspx?siteid=2789,e-shavingmachine
454,/clientcard.aspx?siteid=897,e-shavingmachine
455,/clientcard.aspx?siteid=4634,e-shavingmachine
456,/clientcard.aspx?siteid=5503,e-shavingmachine
457,/clientcard.aspx?siteid=4634,e-shavingmachine
458,/clientcard.aspx?siteid=4749,e-shavingmachine
459,/ratemodel.aspx?modelid=922892,e-shavingmachine
460,/clientcard.aspx?siteid=897,e-shavingmachine
461,/clientcard.aspx?siteid=4634,e-shavingmachine
462,/ratemodel.aspx?modelid=955356,e-shavingmachine
463,/clientcard.aspx?siteid=9061,e-shavingmachine
464,/clientcard.aspx?siteid=4870,e-shavingmachine
465,/ratemodel.aspx?modelid=974291,e-shavingmachine
466,/clientcard.aspx?siteid=4870,e-shavingmachine
467,/clientcard.aspx?siteid=3810,e-shavingmachine
468,/ratemodel.aspx?modelid=904020,e-shavingmachine
469,/clientcard.aspx?siteid=2974,e-shavingmachine
470,/clientcard.aspx?siteid=3159,e-shavingmachine
471,/ratemodel.aspx?modelid=870294,e-shavingmachine
472,/clientcard.aspx?siteid=897,e-shavingmachine
473,/clientcard.aspx?siteid=839,e-shavingmachine
474,/ratemodel.aspx?modelid=951669,e-coffeemachine
475,/ratemodel.aspx?modelid=921618,e-coffeemachine
476,/ratemodel.aspx?modelid=991949,e-coffeemachine
477,/ratemodel.aspx?modelid=963520,e-coffeemachine
478,/ratemodel.aspx?modelid=976624,e-coffeemachine
479,/ratemodel.aspx?modelid=1088911,e-coffeemachine
480,/ratemodel.aspx?modelid=951673,e-coffeemachine
481,/ratemodel.aspx?modelid=896722,e-coffeemachine
482,/ratemodel.aspx?modelid=951399,e-coffeemachine
483,/ratemodel.aspx?modelid=789094,e-coffeemachine
484,/ratemodel.aspx?modelid=1060214,e-coffeemachine
485,/ratemodel.aspx?modelid=1125823,e-coffeemachine
486,/ratemodel.aspx?modelid=130794,e-coffeemachine
487,/ratemodel.aspx?modelid=37395,e-coffeemachine
488,/ratemodel.aspx?modelid=1032482,e-coffeemachine
489,/ratemodel.aspx?modelid=738544,e-coffeemachine
490,/ratemodel.aspx?modelid=130466,e-coffeemachine
491,/ratemodel.aspx?modelid=1104461,e-coffeemachine
492,/ratemodel.aspx?modelid=933760,e-coffeemachine
493,/ratemodel.aspx?modelid=870973,e-coffeemachine
494,/ratemodel.aspx?modelid=680077,e-coffeemachine
495,/ratemodel.aspx?modelid=951671,e-coffeemachine
496,/ratemodel.aspx?modelid=961486,e-coffeemachine
497,/ratemodel.aspx?modelid=1121265,e-coffeemachine
498,/ratemodel.aspx?modelid=1106699,e-coffeemachine
499,/ratemodel.aspx?modelid=680076,e-coffeemachine
500,/ratemodel.aspx?modelid=1107171,e-coffeemachine
501,/ratemodel.aspx?modelid=903306,e-coffeemachine
502,/ratemodel.aspx?modelid=130795,e-coffeemachine
503,/ratemodel.aspx?modelid=680478,e-coffeemachine
504,/ratemodel.aspx?modelid=930494,e-coffeemachine
505,/ratemodel.aspx?modelid=903960,e-coffeemachine
506,/ratemodel.aspx?modelid=917929,e-coffeemachine
507,/ratemodel.aspx?modelid=854635,e-coffeemachine
508,/ratemodel.aspx?modelid=990060,e-coffeemachine
509,/ratemodel.aspx?modelid=1096963,e-coffeemachine
510,/ratemodel.aspx?modelid=713230,e-coffeemachine
511,/ratemodel.aspx?modelid=1107173,e-coffeemachine
512,/ratemodel.aspx?modelid=855628,e-coffeemachine
513,/ratemodel.aspx?modelid=1032481,e-coffeemachine
514,/ratemodel.aspx?modelid=1032480,e-coffeemachine
515,/ratemodel.aspx?modelid=1018419,e-coffeemachine
516,/ratemodel.aspx?modelid=678936,e-coffeemachine
517,/ratemodel.aspx?modelid=711765,e-coffeemachine
518,/ratemodel.aspx?modelid=1086677,e-coffeemachine
519,/ratemodel.aspx?modelid=961499,e-coffeemachine
520,/ratemodel.aspx?modelid=1092195,e-coffeemachine
521,/ratemodel.aspx?modelid=717993,e-coffeemachine
522,/ratemodel.aspx?modelid=917911,e-coffeemachine
523,/ratemodel.aspx?modelid=978599,e-coffeemachine
524,/ratemodel.aspx?modelid=1072563,e-coffeemachine
525,/ratemodel.aspx?modelid=1051075,e-coffeemachine
526,/ratemodel.aspx?modelid=711649,e-coffeemachine
527,/ratemodel.aspx?modelid=1121270,e-coffeemachine
528,/ratemodel.aspx?modelid=927010,e-coffeemachine
529,/ratemodel.aspx?modelid=1116118,e-coffeemachine
530,/ratemodel.aspx?modelid=1091834,e-coffeemachine
531,/ratemodel.aspx?modelid=872924,e-coffeemachine
532,/ratemodel.aspx?modelid=1023788,e-coffeemachine
533,/ratemodel.aspx?modelid=906145,e-coffeemachine
534,/ratemodel.aspx?modelid=1110548,e-coffeemachine
535,/ratemodel.aspx?modelid=371627,e-coffeemachine
536,/ratemodel.aspx?modelid=983830,e-coffeemachine
537,/ratemodel.aspx?modelid=937568,e-coffeemachine
538,/ratemodel.aspx?modelid=1122271,e-coffeemachine
539,/ratemodel.aspx?modelid=1116019,e-coffeemachine
540,/ratemodel.aspx?modelid=1025802,e-coffeemachine
541,/ratemodel.aspx?modelid=966447,e-coffeemachine
542,/ratemodel.aspx?modelid=886682,e-coffeemachine
543,/ratemodel.aspx?modelid=865910,e-coffeemachine
544,/ratemodel.aspx?modelid=1051418,e-coffeemachine
545,/ratemodel.aspx?modelid=992748,e-coffeemachine
546,/ratemodel.aspx?modelid=975875,e-coffeemachine
547,/ratemodel.aspx?modelid=872925,e-coffeemachine
548,/ratemodel.aspx?modelid=1121269,e-coffeemachine
549,/ratemodel.aspx?modelid=752508,e-coffeemachine
550,/ratemodel.aspx?modelid=1126863,e-coffeemachine
551,/ratemodel.aspx?modelid=151638,e-coffeemachine
552,/ratemodel.aspx?modelid=890789,e-coffeemachine
553,/ratemodel.aspx?modelid=1048538,e-coffeemachine
554,/ratemodel.aspx?modelid=961194,e-coffeemachine
555,/ratemodel.aspx?modelid=1068714,e-coffeemachine
556,/ratemodel.aspx?modelid=966449,e-coffeemachine
557,/ratemodel.aspx?modelid=1068710,e-coffeemachine
558,/ratemodel.aspx?modelid=130484,e-coffeemachine
559,/ratemodel.aspx?modelid=1030240,e-coffeemachine
560,/ratemodel.aspx?modelid=754645,e-coffeemachine
561,/ratemodel.aspx?modelid=1105073,e-coffeemachine
562,/ratemodel.aspx?modelid=927023,e-coffeemachine
563,/clientcard.aspx?siteid=6433,e-coffeemachine
564,/ratemodel.aspx?modelid=958858,e-coffeemachine
565,/ratemodel.aspx?modelid=975940,e-coffeemachine
566,/ratemodel.aspx?modelid=757996,e-coffeemachine
567,/ratemodel.aspx?modelid=1030036,e-vaccumcleaner
568,/ratemodel.aspx?modelid=978353,e-vaccumcleaner
569,/ratemodel.aspx?modelid=1120370,e-vaccumcleaner
570,/ratemodel.aspx?modelid=1121245,e-vaccumcleaner
571,/ratemodel.aspx?modelid=1067736,e-vaccumcleaner
572,/ratemodel.aspx?modelid=1128513,e-vaccumcleaner
573,/ratemodel.aspx?modelid=978354,e-vaccumcleaner
574,/ratemodel.aspx?modelid=1106623,e-vaccumcleaner
575,/ratemodel.aspx?modelid=1114479,e-vaccumcleaner
576,/ratemodel.aspx?modelid=1123154,e-vaccumcleaner
577,/ratemodel.aspx?modelid=930167,e-vaccumcleaner
578,/ratemodel.aspx?modelid=1140321,e-vaccumcleaner
579,/ratemodel.aspx?modelid=1087266,e-vaccumcleaner
580,/ratemodel.aspx?modelid=883231,e-vaccumcleaner
581,/ratemodel.aspx?modelid=1067735,e-vaccumcleaner
582,/ratemodel.aspx?modelid=1067734,e-vaccumcleaner
583,/ratemodel.aspx?modelid=1065336,e-vaccumcleaner
584,/ratemodel.aspx?modelid=1014356,e-vaccumcleaner
585,/ratemodel.aspx?modelid=1051024,e-vaccumcleaner
586,/ratemodel.aspx?modelid=1111364,e-vaccumcleaner
587,/ratemodel.aspx?modelid=1091817,e-vaccumcleaner
588,/ratemodel.aspx?modelid=1087263,e-vaccumcleaner
589,/ratemodel.aspx?modelid=1072250,e-vaccumcleaner
590,/ratemodel.aspx?modelid=1111361,e-vaccumcleaner
591,/ratemodel.aspx?modelid=1081701,e-vaccumcleaner
592,/ratemodel.aspx?modelid=1055709,e-vaccumcleaner
593,/ratemodel.aspx?modelid=1111358,e-vaccumcleaner
594,/ratemodel.aspx?modelid=1012816,e-vaccumcleaner
595,/ratemodel.aspx?modelid=1093108,e-vaccumcleaner
596,/ratemodel.aspx?modelid=1085474,e-vaccumcleaner
597,/ratemodel.aspx?modelid=1115778,e-vaccumcleaner
598,/ratemodel.aspx?modelid=1029623,e-vaccumcleaner
599,/ratemodel.aspx?modelid=1034244,e-vaccumcleaner
600,/ratemodel.aspx?modelid=1087813,e-vaccumcleaner
601,/ratemodel.aspx?modelid=20521,e-vaccumcleaner
602,/ratemodel.aspx?modelid=1123556,e-vaccumcleaner
603,/ratemodel.aspx?modelid=1059213,e-vaccumcleaner
604,/ratemodel.aspx?modelid=1029319,e-vaccumcleaner
605,/ratemodel.aspx?modelid=1098235,e-vaccumcleaner
606,/ratemodel.aspx?modelid=1065738,e-vaccumcleaner
607,/ratemodel.aspx?modelid=1128035,e-vaccumcleaner
608,/ratemodel.aspx?modelid=1150245,e-vaccumcleaner
609,/ratemodel.aspx?modelid=1089342,e-vaccumcleaner
610,/ratemodel.aspx?modelid=1059214,e-vaccumcleaner
611,/ratemodel.aspx?modelid=1024373,e-vaccumcleaner
612,/ratemodel.aspx?modelid=1092314,e-vaccumcleaner
613,/ratemodel.aspx?modelid=987841,e-vaccumcleaner
614,/ratemodel.aspx?modelid=1128033,e-vaccumcleaner
615,/ratemodel.aspx?modelid=1099290,e-vaccumcleaner
616,/ratemodel.aspx?modelid=1088606,e-vaccumcleaner
617,/ratemodel.aspx?modelid=1035909,e-vaccumcleaner
618,/ratemodel.aspx?modelid=1097139,e-vaccumcleaner
619,/ratemodel.aspx?modelid=1077109,e-vaccumcleaner
620,/ratemodel.aspx?modelid=1045722,e-vaccumcleaner
621,/ratemodel.aspx?modelid=1128034,e-vaccumcleaner
622,/ratemodel.aspx?modelid=1105267,e-vaccumcleaner
623,/ratemodel.aspx?modelid=1108652,e-vaccumcleaner
624,/ratemodel.aspx?modelid=1121244,e-vaccumcleaner
625,/ratemodel.aspx?modelid=1137052,e-vaccumcleaner
626,/ratemodel.aspx?modelid=1125473,e-vaccumcleaner
627,/ratemodel.aspx?modelid=1045723,e-vaccumcleaner
628,/ratemodel.aspx?modelid=901799,e-vaccumcleaner
629,/ratemodel.aspx?modelid=1014482,e-vaccumcleaner
630,/ratemodel.aspx?modelid=861367,e-vaccumcleaner
631,/ratemodel.aspx?modelid=1115766,e-vaccumcleaner
632,/ratemodel.aspx?modelid=1065337,e-vaccumcleaner
633,/ratemodel.aspx?modelid=887847,e-vaccumcleaner
634,/ratemodel.aspx?modelid=1132931,e-vaccumcleaner
635,/ratemodel.aspx?modelid=945393,e-vaccumcleaner
636,/ratemodel.aspx?modelid=1029498,e-vaccumcleaner
637,/ratemodel.aspx?modelid=982495,e-vaccumcleaner
638,/ratemodel.aspx?modelid=1065729,e-vaccumcleaner
639,/ratemodel.aspx?modelid=887812,e-vaccumcleaner
640,/ratemodel.aspx?modelid=1047554,e-vaccumcleaner
641,/ratemodel.aspx?modelid=887311,e-vaccumcleaner
642,/ratemodel.aspx?modelid=1065732,e-vaccumcleaner
643,/ratemodel.aspx?modelid=1105037,e-vaccumcleaner
644,/ratemodel.aspx?modelid=1043663,e-vaccumcleaner
645,/ratemodel.aspx?modelid=976945,e-vaccumcleaner
646,/ratemodel.aspx?modelid=1115779,e-vaccumcleaner
647,/ratemodel.aspx?modelid=1000537,e-vaccumcleaner
648,/ratemodel.aspx?modelid=1115781,e-vaccumcleaner
649,/ratemodel.aspx?modelid=976944,e-vaccumcleaner
650,/ratemodel.aspx?modelid=1143762,e-vaccumcleaner
651,/ratemodel.aspx?modelid=1066332,e-vaccumcleaner
652,/ratemodel.aspx?modelid=1082425,e-vaccumcleaner
653,/ratemodel.aspx?modelid=1114379,e-vaccumcleaner
654,/ratemodel.aspx?modelid=1130826,e-vaccumcleaner
655,/ratemodel.aspx?modelid=1073797,e-vaccumcleaner
656,/ratemodel.aspx?modelid=1054911,e-vaccumcleaner
657,/ratemodel.aspx?modelid=1046778,e-vaccumcleaner
658,/ratemodel.aspx?modelid=1051425,e-vaccumcleaner
659,/ratemodel.aspx?modelid=1051508,e-vaccumcleaner
660,/ratemodel.aspx?modelid=843836,e-vaccumcleaner
661,/ratemodel.aspx?modelid=1113653,e-vaccumcleaner
662,/ratemodel.aspx?modelid=939239,e-vaccumcleaner
663,/ratemodel.aspx?modelid=1044801,e-vaccumcleaner
664,/ratemodel.aspx?modelid=976943,e-vaccumcleaner
665,/ratemodel.aspx?modelid=1066852,e-vaccumcleaner
666,/ratemodel.aspx?modelid=1012401,e-vaccumcleaner
667,/ratemodel.aspx?modelid=947514,e-vaccumcleaner
668,/ratemodel.aspx?modelid=1090870,e-vaccumcleaner
669,/ratemodel.aspx?modelid=1014484,e-vaccumcleaner
670,/ratemodel.aspx?modelid=858407,e-vaccumcleaner
671,/ratemodel.aspx?modelid=1119414,e-vaccumcleaner
672,/ratemodel.aspx?modelid=983644,e-vaccumcleaner
673,/ratemodel.aspx?modelid=939264,e-vaccumcleaner
674,/ratemodel.aspx?modelid=974834,e-vaccumcleaner
675,/ratemodel.aspx?modelid=936913,e-vaccumcleaner
676,/ratemodel.aspx?modelid=1093024,e-vaccumcleaner
677,/ratemodel.aspx?modelid=1001029,e-vaccumcleaner
678,/ratemodel.aspx?modelid=1142194,e-vaccumcleaner
679,/ratemodel.aspx?modelid=978962,e-vaccumcleaner
680,/ratemodel.aspx?modelid=1039240,e-vaccumcleaner
681,/ratemodel.aspx?modelid=943477,e-vaccumcleaner
682,/ratemodel.aspx?modelid=1037039,e-vaccumcleaner
683,/ratemodel.aspx?modelid=1051588,e-vaccumcleaner
684,/ratemodel.aspx?modelid=997582,e-vaccumcleaner
685,/ratemodel.aspx?modelid=1115776,e-vaccumcleaner
686,/ratemodel.aspx?modelid=1032147,e-vaccumcleaner
687,/ratemodel.aspx?modelid=1136309,e-vaccumcleaner
688,/ratemodel.aspx?modelid=1002498,e-vaccumcleaner
689,/ratemodel.aspx?modelid=893478,e-vaccumcleaner
690,/ratemodel.aspx?modelid=1019080,e-fridge
691,/ratemodel.aspx?modelid=985367,e-fridge
692,/ratemodel.aspx?modelid=1068730,e-fridge
693,/ratemodel.aspx?modelid=954848,e-fridge
694,/ratemodel.aspx?modelid=1050825,e-fridge
695,/ratemodel.aspx?modelid=1121739,e-fridge
696,/ratemodel.aspx?modelid=1088401,e-fridge
697,/ratemodel.aspx?modelid=1128823,e-fridge
698,/ratemodel.aspx?modelid=1104956,e-fridge
699,/ratemodel.aspx?modelid=946412,e-fridge
700,/ratemodel.aspx?modelid=957901,e-fridge
701,/ratemodel.aspx?modelid=1071891,e-fridge
702,/ratemodel.aspx?modelid=1104451,e-fridge
703,/ratemodel.aspx?modelid=1138868,e-fridge
704,/ratemodel.aspx?modelid=929385,e-fridge
705,/ratemodel.aspx?modelid=927040,e-fridge
706,/ratemodel.aspx?modelid=1120048,e-fridge
707,/ratemodel.aspx?modelid=975514,e-fridge
708,/ratemodel.aspx?modelid=1112748,e-fridge
709,/ratemodel.aspx?modelid=929311,e-fridge
710,/ratemodel.aspx?modelid=956824,e-fridge
711,/ratemodel.aspx?modelid=968973,e-fridge
712,/ratemodel.aspx?modelid=1035027,e-fridge
713,/ratemodel.aspx?modelid=1119161,e-fridge
714,/ratemodel.aspx?modelid=1089131,e-fridge
715,/ratemodel.aspx?modelid=928876,e-fridge
716,/ratemodel.aspx?modelid=1070127,e-fridge
717,/ratemodel.aspx?modelid=959111,e-fridge
718,/ratemodel.aspx?modelid=1110555,e-fridge
719,/ratemodel.aspx?modelid=938930,e-fridge
720,/ratemodel.aspx?modelid=1000120,e-fridge
721,/ratemodel.aspx?modelid=957230,e-fridge
722,/ratemodel.aspx?modelid=945828,e-fridge
723,/ratemodel.aspx?modelid=1121267,e-fridge
724,/ratemodel.aspx?modelid=992763,e-fridge
725,/ratemodel.aspx?modelid=1030705,e-fridge
726,/ratemodel.aspx?modelid=1127628,e-fridge
727,/ratemodel.aspx?modelid=979610,e-fridge
728,/ratemodel.aspx?modelid=1102257,e-fridge
729,/ratemodel.aspx?modelid=968982,e-fridge
730,/ratemodel.aspx?modelid=1034757,e-fridge
731,/ratemodel.aspx?modelid=968974,e-fridge
732,/ratemodel.aspx?modelid=899214,e-fridge
733,/ratemodel.aspx?modelid=939952,e-fridge
734,/ratemodel.aspx?modelid=1050794,e-fridge
735,/ratemodel.aspx?modelid=1068722,e-fridge
736,/ratemodel.aspx?modelid=1033579,e-fridge
737,/ratemodel.aspx?modelid=947247,e-fridge
738,/ratemodel.aspx?modelid=1101153,e-fridge
739,/ratemodel.aspx?modelid=1028257,e-fridge
740,/ratemodel.aspx?modelid=933619,e-fridge
741,/ratemodel.aspx?modelid=988540,e-fridge
742,/ratemodel.aspx?modelid=979704,e-fridge
743,/ratemodel.aspx?modelid=1056027,e-fridge
744,/ratemodel.aspx?modelid=1088393,e-fridge
745,/ratemodel.aspx?modelid=1050982,e-fridge
746,/ratemodel.aspx?modelid=1088397,e-fridge
747,/ratemodel.aspx?modelid=926079,e-fridge
748,/ratemodel.aspx?modelid=926855,e-fridge
749,/ratemodel.aspx?modelid=1072445,e-fridge
750,/ratemodel.aspx?modelid=975516,e-fridge
751,/ratemodel.aspx?modelid=1113728,e-fridge
752,/ratemodel.aspx?modelid=938352,e-fridge
753,/ratemodel.aspx?modelid=1000773,e-fridge
754,/ratemodel.aspx?modelid=997346,e-fridge
755,/ratemodel.aspx?modelid=1039701,e-fridge
756,/ratemodel.aspx?modelid=1041266,e-fridge
757,/ratemodel.aspx?modelid=1129575,e-fridge
758,/ratemodel.aspx?modelid=1117363,e-fridge
759,/ratemodel.aspx?modelid=1047955,e-fridge
760,/ratemodel.aspx?modelid=1039702,e-fridge
761,/ratemodel.aspx?modelid=936924,e-fridge
762,/ratemodel.aspx?modelid=907811,e-fridge
763,/ratemodel.aspx?modelid=1087033,e-fridge
764,/ratemodel.aspx?modelid=1030711,e-fridge
765,/ratemodel.aspx?modelid=1047947,e-fridge
766,/ratemodel.aspx?modelid=956821,e-fridge
767,/ratemodel.aspx?modelid=1082220,e-fridge
768,/ratemodel.aspx?modelid=1040945,e-fridge
769,/ratemodel.aspx?modelid=870141,e-fridge
770,/ratemodel.aspx?modelid=1089307,e-fridge
771,/ratemodel.aspx?modelid=1000745,e-fridge
772,/ratemodel.aspx?modelid=1068720,e-fridge
773,/ratemodel.aspx?modelid=886383,e-fridge
774,/ratemodel.aspx?modelid=997729,e-fridge
775,/ratemodel.aspx?modelid=1129577,e-fridge
776,/ratemodel.aspx?modelid=1099432,e-fridge
777,/ratemodel.aspx?modelid=1033585,e-fridge
778,/ratemodel.aspx?modelid=1007730,e-fridge
779,/ratemodel.aspx?modelid=1033578,e-fridge
780,/ratemodel.aspx?modelid=1033229,e-fridge
781,/ratemodel.aspx?modelid=878619,e-fridge
782,/ratemodel.aspx?modelid=990077,e-fridge
783,/ratemodel.aspx?modelid=1091969,e-fridge
784,/ratemodel.aspx?modelid=1035028,e-fridge
785,/ratemodel.aspx?modelid=995685,e-fridge
786,/ratemodel.aspx?modelid=997730,e-fridge
787,/ratemodel.aspx?modelid=1055559,e-fridge
788,/ratemodel.aspx?modelid=988539,e-fridge
789,/ratemodel.aspx?modelid=972777,e-fridge
790,/ratemodel.aspx?modelid=1009232,e-fridge
791,/ratemodel.aspx?modelid=929169,e-fridge
792,/ratemodel.aspx?modelid=976673,e-fridge
793,/ratemodel.aspx?modelid=987254,e-fridge
794,/ratemodel.aspx?modelid=779781,e-fridge
795,/ratemodel.aspx?modelid=992327,e-fridge
796,/ratemodel.aspx?modelid=1030707,e-fridge
797,/ratemodel.aspx?modelid=878616,e-fridge
798,/ratemodel.aspx?modelid=848451,e-fridge
799,/ratemodel.aspx?modelid=1009879,e-fridge
800,/ratemodel.aspx?modelid=1052770,e-fridge
801,/ratemodel.aspx?modelid=1096122,e-fridge
802,/ratemodel.aspx?modelid=907877,e-fridge
803,/ratemodel.aspx?modelid=945827,e-fridge
804,/ratemodel.aspx?modelid=1045218,e-fridge
805,/ratemodel.aspx?modelid=1028260,e-fridge
806,/ratemodel.aspx?modelid=1040406,e-fridge
807,/ratemodel.aspx?modelid=958941,e-fridge
808,/ratemodel.aspx?modelid=939539,e-fridge
809,/ratemodel.aspx?modelid=951156,e-fridge
810,/ratemodel.aspx?modelid=1052765,e-fridge
811,/ratemodel.aspx?modelid=987366,e-fridge
812,/ratemodel.aspx?modelid=1087045,e-fridge
813,/ratemodel.aspx?modelid=861454,e-fridge
814,/ratemodel.aspx?modelid=1114263,e-fridge
815,/ratemodel.aspx?modelid=846276,e-fridge
816,/ratemodel.aspx?modelid=952549,e-mixer
817,/ratemodel.aspx?modelid=1103791,e-mixer
818,/ratemodel.aspx?modelid=979946,e-mixer
819,/ratemodel.aspx?modelid=1063349,e-mixer
820,/ratemodel.aspx?modelid=1106961,e-mixer
821,/ratemodel.aspx?modelid=1072772,e-mixer
822,/ratemodel.aspx?modelid=965655,e-mixer
823,/ratemodel.aspx?modelid=1115848,e-mixer
824,/ratemodel.aspx?modelid=1072765,e-mixer
825,/ratemodel.aspx?modelid=1038265,e-mixer
826,/ratemodel.aspx?modelid=979945,e-mixer
827,/ratemodel.aspx?modelid=1063350,e-mixer
828,/ratemodel.aspx?modelid=1084904,e-mixer
829,/ratemodel.aspx?modelid=1052198,e-mixer
830,/ratemodel.aspx?modelid=1061760,e-mixer
831,/ratemodel.aspx?modelid=767600,e-mixer
832,/ratemodel.aspx?modelid=836571,e-mixer
833,/ratemodel.aspx?modelid=1089992,e-mixer
834,/ratemodel.aspx?modelid=944619,e-mixer
835,/ratemodel.aspx?modelid=17400,e-mixer
836,/ratemodel.aspx?modelid=1115849,e-mixer
837,/ratemodel.aspx?modelid=718602,e-mixer
838,/ratemodel.aspx?modelid=1063347,e-mixer
839,/ratemodel.aspx?modelid=829655,e-mixer
840,/ratemodel.aspx?modelid=938359,e-mixer
841,/ratemodel.aspx?modelid=915687,e-mixer
842,/ratemodel.aspx?modelid=1107099,e-mixer
843,/ratemodel.aspx?modelid=965653,e-mixer
844,/ratemodel.aspx?modelid=1107387,e-mixer
845,/ratemodel.aspx?modelid=822837,e-mixer
846,/ratemodel.aspx?modelid=1075933,e-mixer
847,/ratemodel.aspx?modelid=815711,e-mixer
848,/ratemodel.aspx?modelid=1035871,e-mixer
849,/ratemodel.aspx?modelid=834096,e-mixer
850,/ratemodel.aspx?modelid=1109322,e-mixer
851,/ratemodel.aspx?modelid=931574,e-mixer
852,/ratemodel.aspx?modelid=947366,e-mixer
853,/ratemodel.aspx?modelid=979944,e-mixer
854,/ratemodel.aspx?modelid=933770,e-mixer
855,/ratemodel.aspx?modelid=1087686,e-mixer
856,/ratemodel.aspx?modelid=1081922,e-mixer
857,/ratemodel.aspx?modelid=938058,e-mixer
858,/ratemodel.aspx?modelid=940327,e-mixer
859,/ratemodel.aspx?modelid=822838,e-mixer
860,/ratemodel.aspx?modelid=999977,e-mixer
861,/ratemodel.aspx?modelid=985386,e-mixer
862,/ratemodel.aspx?modelid=856862,e-mixer
863,/ratemodel.aspx?modelid=1010013,e-mixer
864,/ratemodel.aspx?modelid=887407,e-mixer
865,/ratemodel.aspx?modelid=1151092,e-mixer
866,/ratemodel.aspx?modelid=1037856,e-mixer
867,/ratemodel.aspx?modelid=1032504,e-mixer
868,/ratemodel.aspx?modelid=1121846,e-mixer
869,/ratemodel.aspx?modelid=940332,e-mixer
870,/ratemodel.aspx?modelid=998831,e-mixer
871,/ratemodel.aspx?modelid=916141,e-mixer
872,/ratemodel.aspx?modelid=990875,e-mixer
873,/ratemodel.aspx?modelid=944665,e-mixer
874,/ratemodel.aspx?modelid=936934,e-mixer
875,/ratemodel.aspx?modelid=952833,e-mixer
876,/ratemodel.aspx?modelid=1075083,e-mixer
877,/ratemodel.aspx?modelid=371445,e-mixer
878,/ratemodel.aspx?modelid=990872,e-mixer
879,/ratemodel.aspx?modelid=933849,e-mixer
880,/ratemodel.aspx?modelid=1027539,e-mixer
881,/ratemodel.aspx?modelid=952970,e-mixer
882,/ratemodel.aspx?modelid=844448,e-mixer
883,/ratemodel.aspx?modelid=729725,e-mixer
884,/ratemodel.aspx?modelid=1063351,e-mixer
885,/ratemodel.aspx?modelid=944618,e-mixer
886,/ratemodel.aspx?modelid=39482,e-mixer
887,/ratemodel.aspx?modelid=1101857,e-mixer
888,/ratemodel.aspx?modelid=1075080,e-mixer
889,/ratemodel.aspx?modelid=1084910,e-mixer
890,/ratemodel.aspx?modelid=985389,e-mixer
891,/ratemodel.aspx?modelid=979939,e-mixer
892,/ratemodel.aspx?modelid=800315,e-mixer
893,/ratemodel.aspx?modelid=1010014,e-mixer
894,/ratemodel.aspx?modelid=988366,e-mixer
895,/ratemodel.aspx?modelid=886782,e-mixer
896,/ratemodel.aspx?modelid=862764,e-mixer
897,/ratemodel.aspx?modelid=1048049,e-mixer
898,/ratemodel.aspx?modelid=834139,e-mixer
899,/clientcard.aspx?siteid=7837,e-mixer
900,/ratemodel.aspx?modelid=1106655,e-mixer
901,/clientcard.aspx?siteid=5503,e-mixer
902,/clientcard.aspx?siteid=954,e-mixer
903,/ratemodel.aspx?modelid=20975,e-mixer
904,/clientcard.aspx?siteid=3075,e-mixer
905,/clientcard.aspx?siteid=2960,e-mixer
906,/clientcard.aspx?siteid=9053,e-mixer
907,/clientcard.aspx?siteid=6358,e-mixer
908,/clientcard.aspx?siteid=8985,e-mixer
909,/clientcard.aspx?siteid=1052,e-mixer
910,/ratemodel.aspx?modelid=725954,e-mixer
911,/clientcard.aspx?siteid=3075,e-mixer
912,/clientcard.aspx?siteid=8811,e-mixer
913,/ratemodel.aspx?modelid=748867,e-mixer
914,/clientcard.aspx?siteid=2032,e-mixer
915,/clientcard.aspx?siteid=5902,e-mixer
916,/clientcard.aspx?siteid=1770,e-mixer
917,/ratemodel.aspx?modelid=1099364,e-mixer
918,/clientcard.aspx?siteid=5921,e-mixer
919,/ratemodel.aspx?modelid=1065752,e-camera
920,/ratemodel.aspx?modelid=1120431,e-camera
921,/ratemodel.aspx?modelid=986260,e-camera
922,/ratemodel.aspx?modelid=983197,e-camera
923,/ratemodel.aspx?modelid=981999,e-camera
924,/ratemodel.aspx?modelid=998724,e-camera
925,/ratemodel.aspx?modelid=1081255,e-camera
926,/ratemodel.aspx?modelid=1015760,e-camera
927,/ratemodel.aspx?modelid=924966,e-camera
928,/ratemodel.aspx?modelid=979679,e-camera
929,/ratemodel.aspx?modelid=947035,e-camera
930,/ratemodel.aspx?modelid=1028226,e-camera
931,/ratemodel.aspx?modelid=946864,e-camera
932,/ratemodel.aspx?modelid=1075347,e-camera
933,/ratemodel.aspx?modelid=951294,e-camera
934,/ratemodel.aspx?modelid=1125531,e-camera
935,/ratemodel.aspx?modelid=997119,e-camera
936,/ratemodel.aspx?modelid=1094925,e-camera
937,/ratemodel.aspx?modelid=930237,e-camera
938,/ratemodel.aspx?modelid=1081254,e-camera
939,/ratemodel.aspx?modelid=932612,e-camera
940,/ratemodel.aspx?modelid=917809,e-camera
941,/ratemodel.aspx?modelid=923780,e-camera
942,/ratemodel.aspx?modelid=1041323,e-camera
943,/ratemodel.aspx?modelid=1090143,e-camera
944,/ratemodel.aspx?modelid=1066392,e-camera
945,/ratemodel.aspx?modelid=998145,e-camera
946,/ratemodel.aspx?modelid=1014015,e-camera
947,/ratemodel.aspx?modelid=1037349,e-camera
948,/ratemodel.aspx?modelid=944310,e-camera
949,/ratemodel.aspx?modelid=895594,e-camera
950,/ratemodel.aspx?modelid=997117,e-camera
951,/ratemodel.aspx?modelid=1075346,e-camera
952,/ratemodel.aspx?modelid=935752,e-camera
953,/ratemodel.aspx?modelid=951988,e-camera
954,/ratemodel.aspx?modelid=996861,e-camera
955,/ratemodel.aspx?modelid=1038161,e-camera
956,/ratemodel.aspx?modelid=1128244,e-camera
957,/ratemodel.aspx?modelid=904320,e-camera
958,/ratemodel.aspx?modelid=914895,e-camera
959,/ratemodel.aspx?modelid=937966,e-camera
960,/ratemodel.aspx?modelid=939975,e-camera
961,/ratemodel.aspx?modelid=1064443,e-camera
962,/ratemodel.aspx?modelid=921912,e-camera
963,/ratemodel.aspx?modelid=966124,e-camera
964,/ratemodel.aspx?modelid=987989,e-camera
965,/ratemodel.aspx?modelid=1054752,e-camera
966,/ratemodel.aspx?modelid=937884,e-camera
967,/ratemodel.aspx?modelid=935559,e-camera
968,/ratemodel.aspx?modelid=971251,e-camera
969,/ratemodel.aspx?modelid=937083,e-camera
970,/ratemodel.aspx?modelid=771317,e-camera
971,/ratemodel.aspx?modelid=1008377,e-camera
972,/ratemodel.aspx?modelid=936587,e-camera
973,/ratemodel.aspx?modelid=878396,e-camera
974,/ratemodel.aspx?modelid=925029,e-camera
975,/ratemodel.aspx?modelid=883233,e-camera
976,/ratemodel.aspx?modelid=925138,e-camera
977,/ratemodel.aspx?modelid=941965,e-camera
978,/ratemodel.aspx?modelid=857209,e-camera
979,/ratemodel.aspx?modelid=991974,e-camera
980,/ratemodel.aspx?modelid=909502,e-camera
981,/ratemodel.aspx?modelid=916041,e-camera
982,/ratemodel.aspx?modelid=736308,e-camera
983,/ratemodel.aspx?modelid=914894,e-camera
984,/ratemodel.aspx?modelid=869928,e-camera
985,/ratemodel.aspx?modelid=887301,e-camera
986,/ratemodel.aspx?modelid=898618,e-camera
987,/ratemodel.aspx?modelid=969855,e-camera
988,/ratemodel.aspx?modelid=1014157,e-camera
989,/ratemodel.aspx?modelid=860482,e-camera
990,/ratemodel.aspx?modelid=992907,e-camera
991,/clientcard.aspx?siteid=2843,e-camera
992,/ratemodel.aspx?modelid=839282,e-camera
993,/clientcard.aspx?siteid=2905,e-camera
994,/clientcard.aspx?siteid=852,e-camera
995,/ratemodel.aspx?modelid=791120,e-camera
996,/clientcard.aspx?siteid=2905,e-camera
997,/clientcard.aspx?siteid=2905,e-camera
998,/clientcard.aspx?siteid=852,e-camera
999,/ratemodel.aspx?modelid=822766,e-camera
1000,/clientcard.aspx?siteid=2974,e-camera
1001,/ratemodel.aspx?modelid=932432,e-camera
1002,/clientcard.aspx?siteid=2905,e-camera
1003,/ratemodel.aspx?modelid=946852,e-camera
1004,/clientcard.aspx?siteid=852,e-camera
1005,/clientcard.aspx?siteid=2905,e-camera
1006,/ratemodel.aspx?modelid=791662,e-camera
1007,/ratemodel.aspx?modelid=1038732,e-camera
1008,/ratemodel.aspx?modelid=897474,e-camera
1009,/clientcard.aspx?siteid=2905,e-camera
1010,/clientcard.aspx?siteid=2697,e-camera
1011,/clientcard.aspx?siteid=2905,e-camera
1012,/clientcard.aspx?siteid=2905,e-camera
1013,/clientcard.aspx?siteid=2905,e-camera
1014,/clientcard.aspx?siteid=2905,e-camera
1015,/clientcard.aspx?siteid=2905,e-camera
1016,/clientcard.aspx?siteid=2905,e-camera
1017,/clientcard.aspx?siteid=2905,e-camera
1018,/clientcard.aspx?siteid=2697,e-camera
1019,/ratemodel.aspx?modelid=786711,e-camera
1020,/clientcard.aspx?siteid=2905,e-camera
1021,/ratemodel.aspx?modelid=966360,e-camera
1022,/ratemodel.aspx?modelid=896494,e-camera
1023,/clientcard.aspx?siteid=2843,e-camera
1024,/clientcard.aspx?siteid=3527,e-camera
1025,/ratemodel.aspx?modelid=803378,e-camera
1026,/ratemodel.aspx?modelid=878397,e-camera
1027,/clientcard.aspx?siteid=852,e-camera
1028,/ratemodel.aspx?modelid=1014176,e-camera
1029,/clientcard.aspx?siteid=2697,e-camera
1030,/ratemodel.aspx?modelid=714796,e-camera
1031,/clientcard.aspx?siteid=2905,e-camera
1032,/ratemodel.aspx?modelid=692443,e-camera
1033,/clientcard.aspx?siteid=2905,e-camera
1034,/clientcard.aspx?siteid=2905,e-camera
1035,/ratemodel.aspx?modelid=789380,e-camera
1036,/clientcard.aspx?siteid=2905,e-camera
1037,/clientcard.aspx?siteid=2905,e-camera
1038,/ratemodel.aspx?modelid=736928,e-camera
1039,/clientcard.aspx?siteid=2905,e-camera
1040,/ratemodel.aspx?modelid=687043,e-camera
1041,/clientcard.aspx?siteid=2905,e-camera
1042,/clientcard.aspx?siteid=2905,e-camera
1043,/clientcard.aspx?siteid=1398,e-camera
1044,/ratemodel.aspx?modelid=925578,e-hobs
1045,/ratemodel.aspx?modelid=1104943,e-hobs
1046,/ratemodel.aspx?modelid=1065965,e-hobs
1047,/ratemodel.aspx?modelid=968303,e-hobs
1048,/ratemodel.aspx?modelid=972431,e-hobs
1049,/ratemodel.aspx?modelid=906384,e-hobs
1050,/ratemodel.aspx?modelid=953949,e-hobs
1051,/ratemodel.aspx?modelid=1037887,e-hobs
1052,/ratemodel.aspx?modelid=975537,e-hobs
1053,/ratemodel.aspx?modelid=1028297,e-hobs
1054,/ratemodel.aspx?modelid=1002468,e-hobs
1055,/ratemodel.aspx?modelid=1047802,e-hobs
1056,/ratemodel.aspx?modelid=1037884,e-hobs
1057,/ratemodel.aspx?modelid=1035883,e-hobs
1058,/ratemodel.aspx?modelid=953978,e-hobs
1059,/ratemodel.aspx?modelid=943184,e-hobs
1060,/ratemodel.aspx?modelid=1062876,e-hobs
1061,/ratemodel.aspx?modelid=946275,e-hobs
1062,/ratemodel.aspx?modelid=946521,e-hobs
1063,/ratemodel.aspx?modelid=946278,e-hobs
1064,/ratemodel.aspx?modelid=1047638,e-hobs
1065,/ratemodel.aspx?modelid=945863,e-hobs
1066,/ratemodel.aspx?modelid=836106,e-hobs
1067,/ratemodel.aspx?modelid=946274,e-hobs
1068,/ratemodel.aspx?modelid=1119974,e-hobs
1069,/ratemodel.aspx?modelid=946276,e-hobs
1070,/ratemodel.aspx?modelid=936571,e-hobs
1071,/ratemodel.aspx?modelid=958641,e-hobs
1072,/ratemodel.aspx?modelid=946273,e-hobs
1073,/ratemodel.aspx?modelid=955612,e-hobs
1074,/ratemodel.aspx?modelid=930895,e-hobs
1075,/ratemodel.aspx?modelid=975535,e-hobs
1076,/ratemodel.aspx?modelid=1012455,e-hobs
1077,/ratemodel.aspx?modelid=1002471,e-hobs
1078,/ratemodel.aspx?modelid=1002459,e-hobs
1079,/ratemodel.aspx?modelid=950527,e-hobs
1080,/ratemodel.aspx?modelid=901680,e-hobs
1081,/ratemodel.aspx?modelid=1054622,e-hobs
1082,/ratemodel.aspx?modelid=946510,e-hobs
1083,/ratemodel.aspx?modelid=946272,e-hobs
1084,/ratemodel.aspx?modelid=929171,e-hobs
1085,/ratemodel.aspx?modelid=945861,e-hobs
1086,/ratemodel.aspx?modelid=1097496,e-hobs
1087,/ratemodel.aspx?modelid=886142,e-hobs
1088,/ratemodel.aspx?modelid=1002455,e-hobs
1089,/ratemodel.aspx?modelid=866225,e-hobs
1090,/ratemodel.aspx?modelid=963946,e-hobs
1091,/ratemodel.aspx?modelid=946271,e-hobs
1092,/ratemodel.aspx?modelid=930968,e-hobs
1093,/ratemodel.aspx?modelid=913826,e-hobs
1094,/ratemodel.aspx?modelid=1068708,e-hobs
1095,/ratemodel.aspx?modelid=1037886,e-hobs
1096,/ratemodel.aspx?modelid=999090,e-hobs
1097,/ratemodel.aspx?modelid=1008692,e-hobs
1098,/ratemodel.aspx?modelid=953979,e-hobs
1099,/ratemodel.aspx?modelid=996359,e-hobs
1100,/ratemodel.aspx?modelid=1002458,e-hobs
1101,/ratemodel.aspx?modelid=922721,e-hobs
1102,/ratemodel.aspx?modelid=848567,e-hobs
1103,/ratemodel.aspx?modelid=885838,e-hobs
1104,/ratemodel.aspx?modelid=999092,e-hobs
1105,/ratemodel.aspx?modelid=912453,e-hobs
1106,/ratemodel.aspx?modelid=1047800,e-hobs
1107,/ratemodel.aspx?modelid=946277,e-hobs
1108,/ratemodel.aspx?modelid=1106633,e-hobs
1109,/ratemodel.aspx?modelid=1050338,e-hobs
1110,/ratemodel.aspx?modelid=848568,e-hobs
1111,/ratemodel.aspx?modelid=1088663,e-hobs
1112,/ratemodel.aspx?modelid=930665,e-hobs
1113,/ratemodel.aspx?modelid=927699,e-hobs
1114,/ratemodel.aspx?modelid=946279,e-hobs
1115,/ratemodel.aspx?modelid=1046552,e-hobs
1116,/ratemodel.aspx?modelid=996233,e-hobs
1117,/ratemodel.aspx?modelid=1046573,e-hobs
1118,/ratemodel.aspx?modelid=994140,e-hobs
1119,/ratemodel.aspx?modelid=932929,e-hobs
1120,/ratemodel.aspx?modelid=931282,e-hobs
1121,/ratemodel.aspx?modelid=983796,e-hobs
1122,/ratemodel.aspx?modelid=1025021,e-hobs
1123,/ratemodel.aspx?modelid=950528,e-hobs
1124,/ratemodel.aspx?modelid=938959,e-hobs
1125,/ratemodel.aspx?modelid=889982,e-hobs
1126,/ratemodel.aspx?modelid=1097499,e-hobs
1127,/ratemodel.aspx?modelid=992562,e-hobs
1128,/ratemodel.aspx?modelid=1010895,e-hobs
1129,/ratemodel.aspx?modelid=1028294,e-hobs
1130,/ratemodel.aspx?modelid=1046572,e-hobs
1131,/ratemodel.aspx?modelid=985553,e-hobs
1132,/ratemodel.aspx?modelid=806359,e-hobs
1133,/ratemodel.aspx?modelid=1092249,e-hobs
1134,/ratemodel.aspx?modelid=992929,e-hobs
1135,/ratemodel.aspx?modelid=1046541,e-hobs
1136,/ratemodel.aspx?modelid=1106599,e-hobs
1137,/ratemodel.aspx?modelid=1028285,e-hobs
1138,/ratemodel.aspx?modelid=938957,e-hobs
1139,/ratemodel.aspx?modelid=905682,e-hobs
1140,/ratemodel.aspx?modelid=1009651,e-hobs
1141,/ratemodel.aspx?modelid=881831,e-hobs
1142,/ratemodel.aspx?modelid=940232,e-hobs
1143,/ratemodel.aspx?modelid=838109,e-hobs
1144,/ratemodel.aspx?modelid=1041437,e-hobs
1145,/ratemodel.aspx?modelid=795157,e-hobs
1146,/ratemodel.aspx?modelid=975545,e-hobs
1147,/ratemodel.aspx?modelid=980861,e-hobs
1148,/ratemodel.aspx?modelid=1091467,e-hobs
1149,/ratemodel.aspx?modelid=932696,e-hobs
1150,/ratemodel.aspx?modelid=930793,e-hobs
1151,/ratemodel.aspx?modelid=976748,e-hobs
1152,/ratemodel.aspx?modelid=1046938,e-hobs
1153,/ratemodel.aspx?modelid=1106582,e-hobs
1154,/ratemodel.aspx?modelid=976749,e-hobs
1155,/ratemodel.aspx?modelid=932931,e-hobs
1156,/ratemodel.aspx?modelid=972779,e-hobs
1157,/ratemodel.aspx?modelid=836107,e-hobs
1158,/ratemodel.aspx?modelid=880505,e-hobs
1159,/ratemodel.aspx?modelid=1054619,e-hobs
1160,/ratemodel.aspx?modelid=1009458,e-hobs
1161,/ratemodel.aspx?modelid=1020973,e-hobs
1162,/ratemodel.aspx?modelid=1046559,e-hobs
1163,/ratemodel.aspx?modelid=1091469,e-hobs
1164,/ratemodel.aspx?modelid=886514,e-hobs
1165,/ratemodel.aspx?modelid=907226,e-hobs
1166,/ratemodel.aspx?modelid=731085,e-hobs
1167,/ratemodel.aspx?modelid=1033784,e-hobs
1168,/ratemodel.aspx?modelid=1120280,e-tv
1169,/ratemodel.aspx?modelid=1122916,e-tv
1170,/ratemodel.aspx?modelid=1113575,e-tv
1171,/ratemodel.aspx?modelid=1121279,e-tv
1172,/ratemodel.aspx?modelid=1113597,e-tv
1173,/ratemodel.aspx?modelid=1113598,e-tv
1174,/ratemodel.aspx?modelid=1118630,e-tv
1175,/ratemodel.aspx?modelid=1125004,e-tv
1176,/ratemodel.aspx?modelid=1118632,e-tv
1177,/ratemodel.aspx?modelid=1118596,e-tv
1178,/ratemodel.aspx?modelid=1113621,e-tv
1179,/ratemodel.aspx?modelid=1072531,e-tv
1180,/ratemodel.aspx?modelid=1118597,e-tv
1181,/ratemodel.aspx?modelid=1113599,e-tv
1182,/ratemodel.aspx?modelid=1118628,e-tv
1183,/ratemodel.aspx?modelid=1113579,e-tv
1184,/ratemodel.aspx?modelid=1113574,e-tv
1185,/ratemodel.aspx?modelid=1113490,e-tv
1186,/ratemodel.aspx?modelid=1122923,e-tv
1187,/ratemodel.aspx?modelid=1122906,e-tv
1188,/ratemodel.aspx?modelid=1122781,e-tv
1189,/ratemodel.aspx?modelid=1118629,e-tv
1190,/ratemodel.aspx?modelid=1114294,e-tv
1191,/ratemodel.aspx?modelid=1122904,e-tv
1192,/ratemodel.aspx?modelid=1113593,e-tv
1193,/ratemodel.aspx?modelid=1113623,e-tv
1194,/ratemodel.aspx?modelid=1113489,e-tv
1195,/ratemodel.aspx?modelid=1113576,e-tv
1196,/ratemodel.aspx?modelid=1122907,e-tv
1197,/ratemodel.aspx?modelid=1122782,e-tv
1198,/ratemodel.aspx?modelid=1058073,e-tv
1199,/ratemodel.aspx?modelid=1118600,e-tv
1200,/ratemodel.aspx?modelid=1122920,e-tv
1201,/ratemodel.aspx?modelid=1122783,e-tv
1202,/ratemodel.aspx?modelid=1113634,e-tv
1203,/ratemodel.aspx?modelid=1113626,e-tv
1204,/ratemodel.aspx?modelid=1081527,e-tv
1205,/ratemodel.aspx?modelid=1118595,e-tv
1206,/ratemodel.aspx?modelid=1113488,e-tv
1207,/ratemodel.aspx?modelid=1122910,e-tv
1208,/ratemodel.aspx?modelid=1122924,e-tv
1209,/ratemodel.aspx?modelid=1118948,e-tv
1210,/ratemodel.aspx?modelid=1124656,e-tv
1211,/ratemodel.aspx?modelid=1129070,e-tv
1212,/ratemodel.aspx?modelid=1122905,e-tv
1213,/ratemodel.aspx?modelid=1118633,e-tv
1214,/ratemodel.aspx?modelid=1124651,e-tv
1215,/ratemodel.aspx?modelid=1113628,e-tv
1216,/ratemodel.aspx?modelid=1113492,e-tv
1217,/ratemodel.aspx?modelid=1100129,e-tv
1218,/ratemodel.aspx?modelid=1113596,e-tv
1219,/ratemodel.aspx?modelid=1088167,e-tv
1220,/ratemodel.aspx?modelid=1087749,e-tv
1221,/ratemodel.aspx?modelid=1072510,e-tv
1222,/ratemodel.aspx?modelid=1129571,e-tv
1223,/ratemodel.aspx?modelid=1098308,e-tv
1224,/ratemodel.aspx?modelid=1095101,e-tv
1225,/ratemodel.aspx?modelid=1076439,e-tv
1226,/ratemodel.aspx?modelid=1088173,e-tv
1227,/ratemodel.aspx?modelid=1121278,e-tv
1228,/ratemodel.aspx?modelid=1059782,e-tv
1229,/ratemodel.aspx?modelid=1094567,e-tv
1230,/ratemodel.aspx?modelid=1058074,e-tv
1231,/ratemodel.aspx?modelid=1059791,e-tv
1232,/ratemodel.aspx?modelid=1088001,e-tv
1233,/ratemodel.aspx?modelid=1059806,e-tv
1234,/ratemodel.aspx?modelid=1098306,e-tv
1235,/ratemodel.aspx?modelid=1113624,e-tv
1236,/ratemodel.aspx?modelid=1060770,e-tv
1237,/ratemodel.aspx?modelid=1145119,e-tv
1238,/ratemodel.aspx?modelid=1142168,e-tv
1239,/ratemodel.aspx?modelid=1099334,e-tv
1240,/ratemodel.aspx?modelid=1090770,e-tv
1241,/ratemodel.aspx?modelid=1067191,e-tv
1242,/ratemodel.aspx?modelid=1090880,e-tv
1243,/ratemodel.aspx?modelid=999554,e-tv
1244,/ratemodel.aspx?modelid=1113642,e-tv
1245,/ratemodel.aspx?modelid=1080464,e-tv
1246,/ratemodel.aspx?modelid=1088166,e-tv
1247,/ratemodel.aspx?modelid=1059787,e-tv
1248,/ratemodel.aspx?modelid=1129528,e-tv
1249,/ratemodel.aspx?modelid=1067190,e-tv
1250,/ratemodel.aspx?modelid=1039852,e-tv
1251,/ratemodel.aspx?modelid=1113632,e-tv
1252,/ratemodel.aspx?modelid=1076440,e-tv
1253,/ratemodel.aspx?modelid=1072494,e-tv
1254,/ratemodel.aspx?modelid=1080399,e-tv
1255,/ratemodel.aspx?modelid=1070639,e-tv
1256,/ratemodel.aspx?modelid=1080024,e-tv
1257,/ratemodel.aspx?modelid=1072501,e-tv
1258,/ratemodel.aspx?modelid=1098719,e-tv
1259,/ratemodel.aspx?modelid=1123356,e-tv
1260,/ratemodel.aspx?modelid=1138796,e-tv
1261,/ratemodel.aspx?modelid=1075734,e-tv
1262,/ratemodel.aspx?modelid=1089120,e-tv
1263,/ratemodel.aspx?modelid=1078403,e-tv
1264,/ratemodel.aspx?modelid=1077753,e-tv
1265,/ratemodel.aspx?modelid=1092776,e-tv
1266,/ratemodel.aspx?modelid=1078402,e-tv
1267,/ratemodel.aspx?modelid=1142169,e-tv
1268,/ratemodel.aspx?modelid=1077751,e-tv
1269,/ratemodel.aspx?modelid=1055814,e-tv
1270,/ratemodel.aspx?modelid=925079,e-tv
1271,/ratemodel.aspx?modelid=1080397,e-tv
1272,/ratemodel.aspx?modelid=1085900,e-tv
1273,/ratemodel.aspx?modelid=1080400,e-tv
1274,/ratemodel.aspx?modelid=1092777,e-tv
1275,/ratemodel.aspx?modelid=999798,e-tv
1276,/ratemodel.aspx?modelid=1072496,e-tv
1277,/ratemodel.aspx?modelid=1045186,e-tv
1278,/ratemodel.aspx?modelid=1114550,e-tv
1279,/ratemodel.aspx?modelid=1030541,e-tv
1280,/ratemodel.aspx?modelid=1080396,e-tv
1281,/ratemodel.aspx?modelid=1080398,e-tv
1282,/ratemodel.aspx?modelid=1073486,e-tv
1283,/ratemodel.aspx?modelid=1088422,e-tv
1284,/ratemodel.aspx?modelid=1075730,e-tv
1285,/ratemodel.aspx?modelid=1080457,e-tv
1286,/ratemodel.aspx?modelid=1080460,e-tv
1287,/ratemodel.aspx?modelid=1123037,e-tv
1288,/ratemodel.aspx?modelid=1129073,e-tv
1289,/ratemodel.aspx?modelid=1012197,e-tv
1290,/ratemodel.aspx?modelid=1096851,e-iron
1291,/ratemodel.aspx?modelid=1032470,e-iron
1292,/ratemodel.aspx?modelid=1051808,e-iron
1293,/ratemodel.aspx?modelid=1032471,e-iron
1294,/ratemodel.aspx?modelid=1058779,e-iron
1295,/ratemodel.aspx?modelid=1041709,e-iron
1296,/ratemodel.aspx?modelid=1036773,e-iron
1297,/ratemodel.aspx?modelid=997546,e-iron
1298,/ratemodel.aspx?modelid=1035845,e-iron
1299,/ratemodel.aspx?modelid=1095004,e-iron
1300,/ratemodel.aspx?modelid=1104470,e-iron
1301,/ratemodel.aspx?modelid=1051813,e-iron
1302,/ratemodel.aspx?modelid=1020733,e-iron
1303,/ratemodel.aspx?modelid=1115768,e-iron
1304,/ratemodel.aspx?modelid=1039334,e-iron
1305,/ratemodel.aspx?modelid=1039333,e-iron
1306,/ratemodel.aspx?modelid=1038014,e-iron
1307,/ratemodel.aspx?modelid=1119350,e-iron
1308,/ratemodel.aspx?modelid=964499,e-iron
1309,/ratemodel.aspx?modelid=1030588,e-iron
1310,/ratemodel.aspx?modelid=1037018,e-iron
1311,/ratemodel.aspx?modelid=1052714,e-iron
1312,/ratemodel.aspx?modelid=904202,e-iron
1313,/ratemodel.aspx?modelid=1033498,e-iron
1314,/ratemodel.aspx?modelid=984819,e-iron
1315,/ratemodel.aspx?modelid=998364,e-iron
1316,/ratemodel.aspx?modelid=1035846,e-iron
1317,/ratemodel.aspx?modelid=998876,e-iron
1318,/ratemodel.aspx?modelid=1019043,e-iron
1319,/ratemodel.aspx?modelid=1009974,e-iron
1320,/ratemodel.aspx?modelid=811187,e-iron
1321,/ratemodel.aspx?modelid=1009975,e-iron
1322,/ratemodel.aspx?modelid=886347,e-iron
1323,/ratemodel.aspx?modelid=898519,e-iron
1324,/ratemodel.aspx?modelid=998877,e-iron
1325,/ratemodel.aspx?modelid=1115769,e-iron
1326,/ratemodel.aspx?modelid=1115135,e-iron
1327,/ratemodel.aspx?modelid=913982,e-iron
1328,/ratemodel.aspx?modelid=933150,e-iron
1329,/ratemodel.aspx?modelid=1057063,e-iron
1330,/ratemodel.aspx?modelid=877060,e-iron
1331,/ratemodel.aspx?modelid=722213,e-iron
1332,/ratemodel.aspx?modelid=1017063,e-iron
1333,/ratemodel.aspx?modelid=1012834,e-iron
1334,/ratemodel.aspx?modelid=972002,e-iron
1335,/ratemodel.aspx?modelid=1081415,e-iron
1336,/ratemodel.aspx?modelid=1147535,e-iron
1337,/ratemodel.aspx?modelid=1075254,e-iron
1338,/ratemodel.aspx?modelid=987178,e-iron
1339,/ratemodel.aspx?modelid=989527,e-iron
1340,/ratemodel.aspx?modelid=973680,e-iron
1341,/ratemodel.aspx?modelid=869353,e-iron
1342,/ratemodel.aspx?modelid=1119351,e-iron
1343,/ratemodel.aspx?modelid=944761,e-iron
1344,/ratemodel.aspx?modelid=1058770,e-iron
1345,/ratemodel.aspx?modelid=1056836,e-iron
1346,/ratemodel.aspx?modelid=1009970,e-iron
1347,/ratemodel.aspx?modelid=1037016,e-iron
1348,/ratemodel.aspx?modelid=901128,e-iron
1349,/ratemodel.aspx?modelid=1009971,e-iron
1350,/ratemodel.aspx?modelid=1087270,e-microwaveoven
1351,/ratemodel.aspx?modelid=985488,e-microwaveoven
1352,/ratemodel.aspx?modelid=920098,e-microwaveoven
1353,/ratemodel.aspx?modelid=939832,e-microwaveoven
1354,/ratemodel.aspx?modelid=1124538,e-microwaveoven
1355,/ratemodel.aspx?modelid=891063,e-microwaveoven
1356,/ratemodel.aspx?modelid=1124539,e-microwaveoven
1357,/ratemodel.aspx?modelid=1107848,e-microwaveoven
1358,/ratemodel.aspx?modelid=1124912,e-microwaveoven
1359,/ratemodel.aspx?modelid=1000658,e-microwaveoven
1360,/ratemodel.aspx?modelid=912026,e-microwaveoven
1361,/ratemodel.aspx?modelid=1081350,e-microwaveoven
1362,/ratemodel.aspx?modelid=1045714,e-microwaveoven
1363,/ratemodel.aspx?modelid=1126254,e-microwaveoven
1364,/ratemodel.aspx?modelid=971217,e-microwaveoven
1365,/ratemodel.aspx?modelid=1103789,e-microwaveoven
1366,/ratemodel.aspx?modelid=930275,e-microwaveoven
1367,/ratemodel.aspx?modelid=886148,e-microwaveoven
1368,/ratemodel.aspx?modelid=1059660,e-microwaveoven
1369,/ratemodel.aspx?modelid=1045715,e-microwaveoven
1370,/ratemodel.aspx?modelid=945588,e-microwaveoven
1371,/ratemodel.aspx?modelid=1043811,e-microwaveoven
1372,/ratemodel.aspx?modelid=1099287,e-microwaveoven
1373,/ratemodel.aspx?modelid=1089882,e-microwaveoven
1374,/ratemodel.aspx?modelid=934144,e-microwaveoven
1375,/ratemodel.aspx?modelid=991449,e-microwaveoven
1376,/ratemodel.aspx?modelid=974992,e-microwaveoven
1377,/ratemodel.aspx?modelid=1032657,e-microwaveoven
1378,/ratemodel.aspx?modelid=1099274,e-microwaveoven
1379,/ratemodel.aspx?modelid=839514,e-microwaveoven
1380,/ratemodel.aspx?modelid=945349,e-microwaveoven
1381,/ratemodel.aspx?modelid=773130,e-microwaveoven
1382,/ratemodel.aspx?modelid=849373,e-microwaveoven
1383,/ratemodel.aspx?modelid=839513,e-microwaveoven
1384,/ratemodel.aspx?modelid=1107846,e-microwaveoven
1385,/ratemodel.aspx?modelid=834047,e-microwaveoven
1386,/ratemodel.aspx?modelid=886343,e-microwaveoven
1387,/ratemodel.aspx?modelid=916282,e-microwaveoven
1388,/ratemodel.aspx?modelid=1000660,e-microwaveoven
1389,/ratemodel.aspx?modelid=907164,e-microwaveoven
1390,/ratemodel.aspx?modelid=666,e-microwaveoven
1391,/ratemodel.aspx?modelid=741165,e-microwaveoven
1392,/ratemodel.aspx?modelid=890734,e-microwaveoven
1393,/ratemodel.aspx?modelid=961658,e-microwaveoven
1394,/ratemodel.aspx?modelid=961660,e-microwaveoven
1395,/ratemodel.aspx?modelid=961659,e-microwaveoven
1396,/ratemodel.aspx?modelid=954093,e-microwaveoven
1397,/ratemodel.aspx?modelid=1035066,e-microwaveoven
1398,/ratemodel.aspx?modelid=824748,e-microwaveoven
1399,/ratemodel.aspx?modelid=840296,e-microwaveoven
1400,/ratemodel.aspx?modelid=834129,e-microwaveoven
1401,/ratemodel.aspx?modelid=888771,e-microwaveoven
1402,/ratemodel.aspx?modelid=734474,e-microwaveoven
1403,/ratemodel.aspx?modelid=893529,e-microwaveoven
1404,/ratemodel.aspx?modelid=888075,e-microwaveoven
1405,/ratemodel.aspx?modelid=750402,e-microwaveoven
1406,/ratemodel.aspx?modelid=1099312,e-microwaveoven
1407,/clientcard.aspx?siteid=2032,e-microwaveoven
1408,/ratemodel.aspx?modelid=936933,e-microwaveoven
1409,/ratemodel.aspx?modelid=936536,e-microwaveoven
1410,/ratemodel.aspx?modelid=935927,e-microwaveoven
1411,/clientcard.aspx?siteid=11,e-microwaveoven
1412,/ratemodel.aspx?modelid=852405,e-microwaveoven
1413,/ratemodel.aspx?modelid=936014,e-microwaveoven
1414,/clientcard.aspx?siteid=6792,e-microwaveoven
1415,/ratemodel.aspx?modelid=969064,e-microwaveoven
1416,/clientcard.aspx?siteid=10230,e-microwaveoven
1417,/ratemodel.aspx?modelid=834274,e-microwaveoven
1418,/ratemodel.aspx?modelid=910309,e-microwaveoven
1419,/ratemodel.aspx?modelid=933762,e-microwaveoven
1420,/clientcard.aspx?siteid=4417,e-microwaveoven
1421,/ratemodel.aspx?modelid=966729,e-microwaveoven
1422,/clientcard.aspx?siteid=10230,e-microwaveoven
1423,/clientcard.aspx?siteid=185,e-microwaveoven
1424,/clientcard.aspx?siteid=8985,e-microwaveoven
1425,/ratemodel.aspx?modelid=886640,e-microwaveoven
1426,/clientcard.aspx?siteid=2759,e-microwaveoven
1427,/clientcard.aspx?siteid=3159,e-microwaveoven
1428,/ratemodel.aspx?modelid=886344,e-microwaveoven
1429,/clientcard.aspx?siteid=9100,e-microwaveoven
1430,/ratemodel.aspx?modelid=964501,e-microwaveoven
1431,/clientcard.aspx?siteid=1813,e-microwaveoven
1432,/clientcard.aspx?siteid=10285,e-microwaveoven
1433,/ratemodel.aspx?modelid=1091395,e-microwaveoven
1434,/clientcard.aspx?siteid=954,e-microwaveoven
1435,/clientcard.aspx?siteid=8811,e-microwaveoven
1436,/clientcard.aspx?siteid=6705,e-microwaveoven
1437,/clientcard.aspx?siteid=2052,e-microwaveoven
1438,/clientcard.aspx?siteid=6240,e-microwaveoven
1439,/clientcard.aspx?siteid=3075,e-microwaveoven
1440,/clientcard.aspx?siteid=9053,e-microwaveoven
1441,/clientcard.aspx?siteid=7837,e-microwaveoven
1442,/clientcard.aspx?siteid=2759,e-microwaveoven
1443,/clientcard.aspx?siteid=6705,e-microwaveoven
1444,/clientcard.aspx?siteid=4710,e-microwaveoven
1445,/clientcard.aspx?siteid=1817,e-microwaveoven
1446,/clientcard.aspx?siteid=92,e-microwaveoven
1447,/clientcard.aspx?siteid=185,e-microwaveoven
1448,/clientcard.aspx?siteid=5902,e-microwaveoven
1449,/clientcard.aspx?siteid=3159,e-microwaveoven
1450,/clientcard.aspx?siteid=1717,e-microwaveoven
1451,/ratemodel.aspx?modelid=954477,e-microwaveoven
1452,/clientcard.aspx?siteid=5208,e-microwaveoven
1453,/clientcard.aspx?siteid=9111,e-microwaveoven
1454,/clientcard.aspx?siteid=185,e-microwaveoven
1455,/clientcard.aspx?siteid=7965,e-microwaveoven
